window,reference_group,monitored_group,n_reference,n_monitored,selection_rate_reference,selection_rate_monitored,gap,p_value,baseline_gap,drift,p_adj_bh,alert
0,Male,Female,4091,2015,0.30383769249572234,0.1086848635235732,-0.19515282897214914,2.321738267850111e-63,-0.1945051614148215,-0.0006476675573276469,4.643476535700222e-63,False
1,Male,Female,4070,2035,0.2931203931203931,0.09926289926289926,-0.19385749385749385,7.3876838249099865e-65,-0.1945051614148215,0.0006476675573276469,1.9700490199759964e-64,False
2,Male,Female,4153,1952,0.3053214543703347,0.11475409836065574,-0.19056735600967895,9.686992559166522e-59,-0.1945051614148215,0.003937805405142547,1.1070848639047454e-58,False
3,Male,Female,4105,2000,0.2964677222898904,0.112,-0.1844677222898904,3.905749065897758e-57,-0.1945051614148215,0.010037439124931102,3.905749065897758e-57,False
4,Male,Female,4038,2067,0.3192174343734522,0.1107885824866957,-0.20842885188675647,4.126729056455484e-71,-0.1945051614148215,-0.01392369047193498,3.301383245164387e-70,False
5,Male,Female,4098,2007,0.2969741337237677,0.10662680617837568,-0.19034732754539202,4.1576135624340465e-61,-0.1945051614148215,0.0041578338694294725,5.543484749912062e-61,False
6,Male,Female,4053,2052,0.29509005674808786,0.10477582846003898,-0.1903142282880489,2.4305670550034914e-62,-0.1945051614148215,0.0041909331267726,3.888907288005586e-62,False
7,Male,Female,4042,2064,0.3203859475507175,0.11724806201550388,-0.2031378855352136,4.6114185235526023e-67,-0.1945051614148215,-0.008632724120392121,1.844567409421041e-66,False
